{
  "name": "Star Destroyer",
  "model": "Imperial I-class Star Destroyer",
  "passengers": [],
  "max_atmosphering_speed": "975",
  "length": "1,600",
  "primary_docking_bay": {
    "docked": [
      {
        "name": "CR90 corvette",
        "model": "CR90 corvette",
        "passengers": [
          {
            "name": "R2-D2",
            "height": "96",
            "mass": "32",
            "birth_year": "33BBY",
            "eye_color": "red",
            "dialogue": [
              "beep, beep, boop.",
              "boop, beep, beep.",
              "boop, beeeep!"
            ]
          },
          {
            "name": "C-3PO",
            "height": "167",
            "mass": "75",
            "birth_year": "112BBY",
            "eye_color": "yellow",
            "dialogue": [
              "Did you hear that?",
              "They've shut down the main reactor.",
              "We'll be destroyed for sure. This is madness!",
              "We're doomed!",
              "There'll be no escape for the Princess this time.",
              "What's that?"
            ]
          }
        ],
        "max_atmosphering_speed": "950",
        "length": "150",
        "intruder": [
          {
            "name": "Darth Vader",
            "height": "202",
            "mass": "136",
            "birth_year": "41.9BBY",
            "eye_color": "yellow",
            "dialogue": [
              "sound of evil mechanical breathing"
            ]
          }
        ]
      }
    ]
  }
}